"Status","Start Time","Stop Time","Duration in ms","Parent Suite","Suite","Sub Suite","Test Class","Test Method","Name","Description"
"passed","Thu Oct 30 17:31:11 UTC 2025","Thu Oct 30 17:31:13 UTC 2025","2351","OpenFDA API Testing","Performance","","","","Response time within limit",""
"passed","Thu Oct 30 17:31:03 UTC 2025","Thu Oct 30 17:31:06 UTC 2025","3431","OpenFDA API Testing","Negative","","","","Invalid param (limit > 100)",""
"passed","Thu Oct 30 17:30:58 UTC 2025","Thu Oct 30 17:30:59 UTC 2025","554","OpenFDA API Testing","Functional","","","","Pagination test",""
"passed","Thu Oct 30 17:30:59 UTC 2025","Thu Oct 30 17:31:03 UTC 2025","3916","OpenFDA API Testing","Functional","","","","Count aggregation",""
"passed","Thu Oct 30 17:31:08 UTC 2025","Thu Oct 30 17:31:11 UTC 2025","3127","OpenFDA API Testing","Schema","","","","Validate field data types",""
"passed","Thu Oct 30 17:31:06 UTC 2025","Thu Oct 30 17:31:06 UTC 2025","322","OpenFDA API Testing","Negative","","","","Invalid search syntax",""
"passed","Thu Oct 30 17:30:53 UTC 2025","Thu Oct 30 17:30:56 UTC 2025","2533","OpenFDA API Testing","Smoke","","","","Check Drug Event Endpoint",""
"passed","Thu Oct 30 17:30:45 UTC 2025","Thu Oct 30 17:30:48 UTC 2025","2590","OpenFDA API Testing","Setup","","","","Get API key info",""
"passed","Thu Oct 30 17:31:13 UTC 2025","Thu Oct 30 17:31:15 UTC 2025","1912","OpenFDA API Testing","Performance","","","","Compare small vs large response time",""
"passed","Thu Oct 30 17:31:06 UTC 2025","Thu Oct 30 17:31:08 UTC 2025","1534","OpenFDA API Testing","Schema","","","","Validate drug/event response structure",""
"passed","Thu Oct 30 17:31:15 UTC 2025","Thu Oct 30 17:31:18 UTC 2025","2362","OpenFDA API Testing","Performance","","","","Load sanity check",""
"passed","Thu Oct 30 17:30:58 UTC 2025","Thu Oct 30 17:30:58 UTC 2025","275","OpenFDA API Testing","Functional","","","","Search by field",""
"passed","Thu Oct 30 17:30:51 UTC 2025","Thu Oct 30 17:30:53 UTC 2025","1777","OpenFDA API Testing","Setup","","","","Ping API without key",""
"passed","Thu Oct 30 17:30:48 UTC 2025","Thu Oct 30 17:30:51 UTC 2025","3382","OpenFDA API Testing","Setup","","","","Get API usage headers",""
"passed","Thu Oct 30 17:30:56 UTC 2025","Thu Oct 30 17:30:58 UTC 2025","2194","OpenFDA API Testing","Smoke","","","","Check Device Event Endpoint",""
